model,P@10,R@10,nDCG@10,MRR
runs_mxbai_formation,0.03697478991596639,0.20168067226890757,0.16786563674543298,0.1612311591303188
