model,P@10,R@10,nDCG@10,MRR
runs_gemini_formation,0.04005602240896359,0.2184873949579832,0.18617508413131223,0.18305989062291583
