model,P@10,R@10,nDCG@10,MRR
runs_mxbai_formation,0.0369747899159663,0.2016806722689075,0.1678656367454329,0.1612311591303188
runs_gemini_formation,0.0400560224089635,0.2184873949579832,0.1861750841313122,0.1830598906229158
