model,P@10,R@10,nDCG@10,MRR
runs_mxbai_search,0.2556644880174292,0.7226890756302521,0.655909612695754,0.6281512605042017
