model,P@10,R@10,nDCG@10,MRR
runs_mxbai_search,0.2556644880174292,0.7226890756302521,0.655909612695754,0.6281512605042017
runs_gemini_search,0.2564603619225468,0.7366946778711485,0.6838096291853726,0.6659663865546218
