model,P@10,R@10,nDCG@10,MRR
runs_gemini_search,0.2564603619225468,0.7366946778711485,0.6838096291853726,0.6659663865546218
